case_id,criterion,pull,argument
C-1,requirements,predictive,"Формат пакета, перелік контролів і річний цикл редакцій визначені наказом регулятора; нових вимог за пів року не було"
C-1,technology,adaptive,"API державного реєстру нове, документація неповна, два методи змінювали поведінку без оголошення, а пісочниця працює нестабільно"
C-1,release_cost,predictive,"Неприйнята звітність у фіксовану дату означає припис регулятора, ручне виправлення пакета та пояснювальний лист оператора"
C-1,customer,predictive,"Контакт департаменту розвитку відповідає за три-п'ять робочих днів, не приходить на щотижневі демо і просить підсумок лише раз на етап"
C-1,contract,predictive,"Тендерний fixed price договір фіксує обсяг у технічному завданні, а додаткова угода на зміну проходить юристів приблизно два тижні"
C-1,team,predictive,"Троє інтеграторів працюють у підрядника в іншому місті, а єдиний QA ділить час з іншим проєктом, тому потрібні формальні точки синхронізації"
C-2,requirements,adaptive,"Після кожних п'яти інтерв'ю раз на два тижні беклог переписується; за місяць дві функції прибрали і одну нову додали"
C-2,technology,adaptive,"Команда має звичний стек, автоматичні щотижневі релізи, робочу пісочницю платіжного провайдера і перевірений rollback приблизно за десять хвилин"
C-2,release_cost,predictive,"Помилка в комісії чи заставі списує з людини неправильну суму, потребує ручного повернення і може погіршити умови банку-еквайра"
C-2,customer,adaptive,"Співзасновник сидить поруч, дивиться демо щоп'ятниці, відповідає в чаті за півгодини та одразу ухвалює рішення про обсяг"
C-2,contract,adaptive,"Зовнішнього договору немає, обсяг не зафіксований; обмеженнями є напрямок продукту, бюджет інвестора та дев'ять місяців до наступного раунду"
C-2,team,adaptive,"Троє розробників, дизайнер і продакт працюють в одній кімнаті, можуть брати суміжні задачі та не мають вузьких спеціалізацій"
C-3,requirements,adaptive,"Перші демо постійно відкривають нові винятки в маршрутах погодження, а три юристи по-різному описують реальний процес"
C-3,technology,adaptive,"Схема двадцятирічної системи не документована, а перше вивантаження виявило незаповненого контрагента приблизно у восьмої частини договорів"
C-3,release_cost,predictive,"Помилка в щомісячному нарахуванні потрапляє в бухгалтерію й виявляється вже після платежів контрагентам"
C-3,customer,adaptive,"Керівниця юридичного відділу доступна щотижня, приводить колег на демо і дає розгорнутий зворотний зв'язок про винятки"
C-3,contract,predictive,"Fixed price обсяг описаний до перших демо, бюджет року не переглядається, а зміну обсягу має підписати фінансовий директор"
C-3,team,adaptive,"Два розробники, аналітик-тестувальник і PM працюють разом два роки в одному офісі та спокійно беруть суміжні задачі
